{"cameraMode":{"drawMode":0,"name":"Shaded","section":"Shading Mode"},"sceneLighting":false,"audioPlay":false,"sceneViewState":{"showFog":true,"showMaterialUpdate":false,"showSkybox":false,"showFlares":true,"showImageEffects":true,"showParticleSystems":true},"in2DMode":false,"pivot":{"x":-13.579193115234375,"y":2.037686347961426,"z":2.6039490699768068},"rotation":{"x":0.6690225601196289,"y":-0.003343790303915739,"z":0.0030113134998828174,"w":0.7432340979576111},"size":11.431534767150879,"orthographic":false}