{"cameraMode":{"drawMode":0,"name":"Shaded","section":"Shading Mode"},"sceneLighting":false,"audioPlay":false,"sceneViewState":{"showFog":true,"showMaterialUpdate":false,"showSkybox":false,"showFlares":true,"showImageEffects":true,"showParticleSystems":true},"in2DMode":false,"pivot":{"x":6.810789108276367,"y":6.671875,"z":0.0771484375},"rotation":{"x":0.7155389785766602,"y":-0.0010478635085746647,"z":0.0010732975788414479,"w":0.6985694766044617},"size":112.13094329833985,"orthographic":true}