{"cameraMode":{"drawMode":0,"name":"Shaded","section":"Shading Mode"},"sceneLighting":false,"audioPlay":false,"sceneViewState":{"showFog":true,"showMaterialUpdate":false,"showSkybox":false,"showFlares":true,"showImageEffects":true,"showParticleSystems":true},"in2DMode":false,"pivot":{"x":-4.238507270812988,"y":76.80186462402344,"z":-19.081117630004884},"rotation":{"x":0.7022057771682739,"y":0.003203804837539792,"z":-0.0031599407084286215,"w":0.7119605541229248},"size":0.000057235301937907934,"orthographic":false}