{"cameraMode":{"drawMode":0,"name":"Shaded","section":"Shading Mode"},"sceneLighting":false,"audioPlay":false,"sceneViewState":{"showFog":true,"showMaterialUpdate":false,"showSkybox":false,"showFlares":true,"showImageEffects":true,"showParticleSystems":true},"in2DMode":false,"pivot":{"x":-0.6329288482666016,"y":7.15625,"z":7.0009765625},"rotation":{"x":0.7155389785766602,"y":-0.0010478635085746647,"z":0.0010732975788414479,"w":0.6985694766044617},"size":166.64657592773438,"orthographic":true}