{"cameraMode":{"drawMode":0,"name":"Shaded","section":"Shading Mode"},"sceneLighting":true,"audioPlay":false,"sceneViewState":{"showFog":true,"showMaterialUpdate":false,"showSkybox":true,"showFlares":true,"showImageEffects":true,"showParticleSystems":true},"in2DMode":false,"pivot":{"x":-0.7801055908203125,"y":49.359375,"z":-0.90185546875},"rotation":{"x":0.7155389785766602,"y":-0.0010478635085746647,"z":0.0010732975788414479,"w":0.6985694766044617},"size":110.72148132324219,"orthographic":true}