{"cameraMode":{"drawMode":0,"name":"Shaded","section":"Shading Mode"},"sceneLighting":true,"audioPlay":false,"sceneViewState":{"showFog":true,"showMaterialUpdate":false,"showSkybox":true,"showFlares":true,"showImageEffects":true,"showParticleSystems":true},"in2DMode":false,"pivot":{"x":-1.0457677841186524,"y":5.125,"z":1.22021484375},"rotation":{"x":0.7155389785766602,"y":-0.0010478635085746647,"z":0.0010732975788414479,"w":0.6985694766044617},"size":103.82473754882813,"orthographic":true}